singkat,hasil
aa,kakak
aaah,ah
aaahhhh,ah
aahhseeeek,asik
aamiin,amin
abgmu,abang mu
abis,habis
adek,adik
adekku,adik aku
adl,adalah
adlh,adalah
adoeh,aduh
ae,saja
aer,air
agr,agar
ahahaha,haha
ahahahaha,haha
ahahahahahhaha,haha
ahahahanjirrr,anjir
ahahahhaha,haha
ai,aku
aing,saya
aj,saja
aja,saja
ajaa,saja
ajaaaa,saja
ajah,saja
aje,saja
ajee,saja
ajg,anjing
ajha,saja
ak,aku
aka,akan
akhirnyaaaa,akhirnya
akhrnya,akhirnya
akn,akan
akunya,aku nya
akutu,aku tuh
akuuu,aku
alesan,alasan
alhmdllh,alhamdulillah
Allaaaaah,allah
allaah,allah
ama,sama
amat,sangat
ame,sama
ami,amin
amiin,amin
amn,amin
ampe,sampai
ampir,hampir
amrik,amerika
ana,saya
ancoooree,hancur
ancur,hancur
and,dan
ane,aku
anet,banget
angus,hangus
anjaayy,anjir
anjay,anjir
anjer,anjir
anjink,anjing
anjirr,anjir
anjirrr,anjir
anjirrrr,anjir
annoying,menyebalkan
apaaa,apa
apasaja,apa saja
aplg,apalagi
aplkasinya,aplikasi nya
apt,apartmen
aptnya,apartmen nya
apus,hapus
aq,aku
arepin,harapin
aslii,asli
asliii,asli
asoy,asik
astagah,astaga
asyik,asik
atiii,hati
ato,atau
atw,atau
awkward,canggung
awlnya,awalnya
ayukk,yuk
back to maba,kembali ke maba
bacotmu,bacot mu
bae,saja
baeek,baik
bagay,bagai
bahahahahajahahhaaa,haha
bakal,akan
bakalam,bakalan
bales,balas
balesnya,balas nya
balik,kembali
bandel,nakal
bangetttt,banget
bangetttttt,banget
bangke,bangkai
bangsaaaaat,bangsat
banyaaak,banyak
bapaaakk,bapak
bapakku,bapak aku
bapakmu,bapak mu
barangkt,berangkat
bareng,bersama
barunikah,baru nikah
bat,banget
bawaannye,bawaan nya
bberapa,beberapa
bbrapa,beberapa
bbrp,beberapa
bcr,bocor
bcs,karena
bcz,karena
beb,sayang
becanda,bercanda
bege,bego
begimana,bagaimana
bego,bodoh
begok,bodoh
begoloe,bodoh kamu
begonya,bego nya
belanjaaaaa,belanja
belanjaitugakribet,belanja itu tidak ribet
belom,belum
bencandaan,bercanda
bener,benar
bener2,benar benar
benerin,benarkan
benerrr,benar
bengong,heran
beraniin,berani
berantem,kelahi
berhappylah,bersenanglah
berlku,berlaku
berngkat,berangkat
berpandapat,berpendapat
bet,banget
beta,aku
bete,kesal
bett,banget
beuh,weh
beuhh,weh
bget,banget
bgitu,begitu
bgmn,bagaimana
bgn,bangun
bgst,bangsat
bgt,banget
bgttt,banget
bhay,bahaya
bhkn,bahkan
bhn,bahan
bhs,bahasa
bhsa,bahasa
biadap,biadab
bicah,bocah
bijakberplastik,bijak berplastik
bingit,banget
bisabisanya,bisa bisa nya
bising,berisik
bjuang,berjuang
bkn,bukan
bknnya,bukan nya
blg,bilang
bljr,belajar
blm,belum
blom,belum
bls,balas
blunder,melakukan kesalahan fatal
bngt,banget
bnyk,banyak
bnyknya,banyak nya
boakaka,wkwk
bobo,tidur
bobok,tidur
bodo,bodoh
bodohnyakan,bodoh nya kan
boi,woi
bokap,ayah
bonek,suporter klub sepak bola
bong200,cebong iq dua ratus
bongak,bodoh
bongg,cebong
boongan,bohongan
boongin,bohong
boro,jangankan
bosen,bosan
bpk,bapak
brangkat,berangkat
brekekekekek,wkwk
brekekekekekek,wkwk
breng,bareng
brg,bareng
brgkt,berangkat
brgny,barang nya
brhnti,berhenti
bri,beri
brikan,berikan
brikut,berikut
brisik,berisik
brkt,berangkat
brlmpah,berlimpah
brng,bersama
broo,bro
brooo,bro
brpapasan,bertemu
bru,baru
bruakakakak,wkwk
bs,bisa
bsa,bisa
bsk,besok
bsok,besok
btw,omong-omong
bucin,budak cinta
bukaaa,buka
bukber,buka bersama
buktinya,bukti nya
bumidatar,bumi datar
buset,heran
busyuuk,busuk
bwt,untuk
byee,bye
byk,banyak
calonpenghunineraka,calon penghuni neraka
calonyaaahh,calon nya
cantikkk,cantik
caoer,cari perhatian
cape,capek 
capernya,cari perhatian nya
capres,calon presiden
cb,coba
cba,coba
cebon,cebong
cebong2,cebong cebong
cebongers,cebonger
cebongkoplo,cebong koplo
cebonk,cebong
ceburin,ceburkan
cecungung,cecunguk
cek,periksa
cemburuuuuu,cemburu
cemunguth,semangat
cepet,cepat
ceritahariini,cerita hari ini
certnya,cerita nya
cetek,dangkal
cewe,cewek
cewek,cewek
chara,cara
chukae,selamat
ciee,cie
cintaa,cinta
cintaee,cinta
cintamu,cinta kamu
citizens,warga kota
ciwi,cewek
ciyaaaaan,kasihan
ckakakakak,wkwk
ckck,wkwk
ckckc,wkwk
ckckck,wkwk
ckckckc,wkwk
ckckckck,wkwk
cm,hanya
cmiiw,correct me if i am wrong
cmn,cuma
cobaaa,coba
copetnyaaahh,copet nya
could,dapat
cowo,cowok
cowok,laki laki
cpt,cepat
creepy,seram
cuekin,cuek
cuma,hanya
cumakan,hanya
cuman,hanya
d,di
daaan,dan
daam,dan
dah,sudah
dalem,dalam
dapet,dapat
dasarrr,dasar
dateng,datang
datengnya,datang nya
dbatalin,di batalin
debessss,yang terbaik
dech,deh
deehhh,deh
deg ,berdebar 
degdegan,berdebar 
deket,dekat
delete,hapus
demen,suka
denga,dengan
denganmu,dengan mu
dengarin,dengarkan
dengeeriin,dengarkan
denger,dengar
dengerin,mendengarkan 
dengernya,dengarnya
dengn,dengan
denngan,dengan
depa,depan
depn,depan
dese,dia
deteksidinihepatitis,deteksi dini hepatitis
dewe,sendiri
dg,dengan
dgn,dengan
dgnnya,dengannya
dgnya,dengannya
dgr,dengar
dgrn,dengarkan
dibedol,di transmigrasi
dibenerin,di benar kan
didasarkn,didasarkan
didemin,di diam kan
diem,diam
diginiin,begini 
dihatiku,di hati ku
Diiiiiiiiiih,ih
diinginkn,di ingin kan
dikasih,diberi
dikasitau,di kasih tau
dikatain,diejek
dikit,sedikit
diliatin,di lihatin
dimaapin,dimaafkan
dimaintain,di jaga
dimamam,di makan
diman,dimana
dimanjahhh,di manja
dinyinyirin,diomongin
diorang,di orang
dipajang,tampil
dipake,dipakai
dipecat,di pecat
dirisendiri,diri sendiri
disaan,di sana
disayangkn,disayang kan
dislngkuhin,berkhianat
dislngkuhin ,di selingkuhin
ditagih,di tagih
ditemenin,ditemani
diwaroh,di jawab
dkit,sedikit
dkk,dan kawan kawan
dkomplen,di komplain
dksh,diberi
dkshnya,diberinya
dkt,dekat
dl,dulu
dll,dan lain lain
dlm,dalam
dlu,dulu
dmn,dimana
dmna,dimana
dn,dan
dng,dengan
dngan,dengan
dngar,dengar
dnger,dengar
dngerin,dengarkan
dngn,dengan
dngr,dengar
doang,saja
doank,doang
doi,dia
donggo,bodoh
dongss,dong
doong,dong
dosponsori,disponsori
doy,suka
doyan,suka
dpan,depan
dpet,dapat
dpn,depan
dpny,depannya
dprri,dpr republik indonesia
dpt,dapat
dptkan,dapat kan
dr,dari
drasakn,dirasakan
dri,dari
dripda,daripada
drmh,dirumah
drp,daripada
drpada,daripada
drpd,daripada
drtd,dari tadi
dsb,dan sebagainya
dsbnya,dan sebagai nya
dsuruh,di suruh
dtabung,di tabung
dtang,datang
dtk,detik
dtng,datang
dtunggu,di tunggu
dulur,saudara
dungu,bodoh
duwet,duet
duwit,duit
dy,dia
dya,dia
dzalim,zalim
eaaaaa,ea
eakyu,waktu
ebong,cebong
ebonger,cebonger
ebonk,cebong
ebuset,buset
ediot,idiot
eeaaaa,ya
eehh,eh
eehhh,eh
efeklaparjuga,efek lapar juga
efekldr,efek ldr
egonya,egois nya
egp,memang saya pikirin
eheheheh,hehe
ehh,eh
ehmmm,hem
ehmmmm,hem
eike,saya
ekwkwkw,wkwk
elu,kamu
emak,ibu
emang,memang
emanggg,emang
emangny,memang nya
emangnya,memang nya
emank,memang
emg,memang
emggak,tidak
emng,memang
enaaak,enak
eneg,muak
enek,muak
enga,tidak
engga,tidak
enggaaaaaaa,tidak
enggak,tidak
enggk,gak
engk,tidak
ente,kamu
enteng,mudah
eps,episode
esok,besok
eug,aku
faaak,fuck
fakefrendzz,teman penipu
fatamorganaaaaaaa,fatamorgana
fh,fakultas hukum
fikrikan,pikirkan
fine,baik
freaky,aneh
fucking,fuck
full,penuh
g,gak
ga,tidak
gaa,tidak
gaabis,tidak habis
gaada,tidak ada
gabakal,tidak akan
gabakalan,tidak bakalan
gabener,tidak benar
gabenernya,tidak benarnya
gaberani,tidak berani
gabisa,tidak bisa
gabole,tidak boleh
gaboleh,tidak boleh
gabrani,tidak berani
gacuma,tidak cuma
gada,tidak ada
gadapet,tidak dapat
gadeng,tidak deng
gadibaless,tidak di balas
gaenak,tidak enak
gag,tidak
gaharus,tidak harus
gaiza,tidak bisa
gajadi,tidak jadi
gaje,tidak jelas
gajedot,tidak jelas ngentot
gajelas,tidak jelas
gajetot,tidak jelas ngentot
gajsdi,tidak jadi
gak,masih
gak2,tidak tidak
gakan,tidak akan
gakdeng,tidak deng
gakelamaan,tidak kelamaan
gakerasa,tidak kerasa
gakhabispikir,tidak habis pikir
gakk,tidak
gakliatan,tidak kelihatan
gakmau,tidak mau
gakpapa,tidak apa apa
gakpernah,tidak pernah
gakusah,tidak usah
gakz,tidak
gamalu,tidak malu
gamau,tidak mau
gambarnya,gambar nya
gamungkin,tidak mungkin
gangerti,tidak mengerti
gantipresiden,ganti presiden
gapaham,tidak paham
gapake,tidak pakai
gapap,tidak apa apa
gapapa,tidak apa apa
gapapaaaa,tidak apa apa
gapapalah,tidak apalah
gapeka,tidak peka
gaperlu,tidak perlu
gapernah,tidak pernah
gaprgi,tidak pergi
gapunya,tidak punya
garberner,gubernur
gasabar,tidak sabar
gasadar,tidak sadar
gasalah,tidak salah
gasih,tidak sih
gasuka,tidak suka
gatau,tidak tahu
gatel,gatal
gausah,tidak usah 
gbisa,tidak bisa
gbs,tidak bisa
gda,tidak ada
gede,besar
gedeg,kesal
geeelaakk,gila
gegara,gara-gara
geginian,begini
gegoleran,berbaring
gehh,gih
geje,tidak jelas
gelo,gila
gemana,bagaimana
gemeees,lucu
gemes,lucu
gemesim,lucu banget
gemeter,gemetar
gemez,lucu
gendheng,gila
geruduglah,datangi lah
geto,bebegitu
gg,tidak
gga,tidak
gicuuuuu,gitu
gihh,gih
giihh,gih
gil,gila
gila2an,gila gilaan
gilaa,gila
gilaaa,gila
gilaaaa,gila
gilaaaaaa,gila
giladong,gila dong
gilak,gila
gilakan,gilakan
gilakkkkk,gila
gilakkkkkk,gila
gile,gila
gilla,gila
gils,gila
gilsss,gila
gilsssss,gila
gilzz,gila
gimana,bagaimana
gimanasi,bagaimana sih 
gimane,bagaimana
gincu,begitu
gini,begini
ginidah,begini dah
gitu,begitu
gituin,begitukan
gituu,begitu
gituuuu,begitu
gk,gak
gkk,tidak
gkkan,tidak akan
gkmau,tidak mau
gksalah,tidak salah
gla,gila
gmana,bagaimana
gmau,tidak mau
gmbr,gambar
gmn,bagaimana
gmna,gimana
gmw,tidak mau
gn,gini
gni,begini
gnti,ganti
gnyngka,tidak menyangka
goblog,goblok
gokiiill,gila
gokil,gila
gokill,gila
gokilll,gila
gokillllll,gila
gokilnya,gilanya
golput,golongan putih
goodnayt,selamat malam
govlox,goblok
gpp,tidak apa apa
gppalah,tidak apalah
gra,karena
gt,gitu
gtu,gitu
gua,aku
guaa,aku
gub,gubernur
gue,aku
guw,aku
guwah,aku
guweh,aku
guwoblok,bodoh
guyonan,bercanda
gw,aku
gwe,aku
gx,tidak
hadeee,aduh
hadeehhh,aduh
hadeh,aduh
hadeuh,aduh
hadiahperasaan,hadiah perasaan
haduu,aduh
haha,haha
hahah,haha
hahaha,haha
hahahaaha,haha
hahahaha,haha
hahahahaha,haha
hahahahahahahahaha,haha
hahahahhaa,haha
hahahha,haha
hahhaha,haha
happy,bahagia
harganya,harga nya
harijaditwittersaya,hari jadi twitter saya
harusnyakan,harus nya kan
hatii,hati
hatiku,hati aku
hatiyangcukupdalam,hati yang cukup dalam
have fun,senang
hbddddd,selamat ulang tahun
hdhhh,aduh
hebattt,hebat
heee,hei
heeeft,huhu
heemmmm,hem
hehehee,hehe
hehehehe,hehe
hehehehee,hehe
heii,hei
heiiii,hei
hek,iyuh
helloo,hello
hepi,happy
hey,hei
hianati,khianati
hiiiiks,hiks
hikz,terharu
hits,hits
hmm,hem
hmmm,hem
hmmmm,hem
hmmmmmmm,hem
hnti,henti
hny,hanya
hnya,hanya
hohoho,hoho
hopeless,tidak ada harapan
hrganya,harga nya
hrs,harus
hrus,harus
hshahshahah,haha
hsl,hasil
hub,hubungan
hueww,wow
huft,huhu
hufth,huft
huhuhu,huhu
hujuuung,ujung
hyung,abang
i,saya
I love you,aku cinta kamu
i t u,itu
ia,dia
ibdah,ibadah
ibuk,ibu
ibumu,ibu mu
ibuqu,ibu aku
idak,tidak
idung,hidung
idup,hidup
ig,instagram
ignore,mengabaikan
ignya,instagram nya
ijo,hijau
iki,ini
ilang,hilang
ily,saya cinta kamu 
imbasnya,imbas nya
indakk,tidak
inget,ingat
ingetin,ingat kan
inisahurtiketcomharike,ini sahur tiketcom hari ke
iniserius,ini serius
inong,ibu
insaf,tobat
instalaai,instalansi
introprksi,mengoreksi diri
inysllh,insya allah
isa,bisa
isalam,islam
islamselamatkannegeri,islam selamatkan negeri
istrinya,istri nya
iyaa,iya
iyaaa,iya
iyah,iya
iye,iya
jaman,zaman
jamberapa,jam berapa
jan,jangan
jancook,geram
jancoook,geram
jancuk,geram
janganlupabahagia,jangan lupa bahagia
janganpilihpartaioposan,jangan pilih partai oposan
jatoh,jatuh
jatohnya,jatuh nya
jauuh,jauh
jauuhh,jauh
jauuuuh,jauh
jbtn,jabatan
jd,jadi
jdi,jadi
je,saja
jealous,cemburu
jg,juga
jga,juga
jgkel,jengkel
jgn,jangan
jgn ,jangan
jirr,anjir
jjur,jujur
jkt,jakarta
jkw,jokowi
jln,jalan
jls,jelas
jman,zaman
jmpt,jemput
jngan,jangan
jngn,jangan
jobdes,job description
jogja,yoyakarta
jongos,pelayan
jotosin,pukul
jt,juta
jugaaa,juga
jun,juni
jutek,galak
jwab,jawab
jwabnya,jawab nya
jwb,jawab
jwban,jawaban
jwbannya,jawaban nya
kaaaann,kan
kaaan,kan
kaga,tidak
kagak,tidak
kaka,kakak
kalaupun,kalau pun
kalee,kali
kalo,kalau
kalyan,kalian
kambek,comeback
kamun,kamu
kamuu,kamu
kamuuu,kamu
kamuuuuuu,kamu
kangentingting,kangen ting ting
kangenya,kangen nya
kann,kan
kapan2,kapan kapan
kapanliburanlagi,kapan liburan lagi
kapanpun,kapan pun
kapokgabisa,kapok tidak bisa
karenasampahjakartabedasampahjerman,karena sampah jakarta beda sampah jerman
karna,karena
'karna,karena
karywan,karyawan
kasian,kasihan
kasieun,kasihan
kasihsayang,kasih sayang
katakata,kata kata
katanya,kata nya
kaya,seperti
kayak,seperti
kayaknya,sepertinya
kaykanya,sepertinya
kcelakan,kecelakaan
kdg,kadang
kebelulan,kebetulan
kecendrungan,kecenderungan
kedua,ke dua
kegovlokan,kegoblokan
kek,kayak
kekgitu,kayak gitu
keknyaa,seperti nya
kelai,kelahi
kelaperan,kelaparan
kelar,selesai
kelen,kalian
keles,kali
kelindes,di lindas
kelon,perhatian
kemaren,kemarin
kemna,kemana
kemnpun,kemana pun
kenceng,kuat
kend,kendaraan
keok,kalah
keookkk,kalah
kepepettttt,mendesak
kepingin,ingin
kepo,penasaran
kerasa,terasa
kerjanya,kerja nya
kerjateruss,kerja terus
kerruh,keruh
kesedihannha,kesedihannya
keseel,kesal
kesel,kesal
keselnya,kesal nya
ketauan,ketahuan
ketemulah,ketemu lah
ketolong,ke tolong
ketrima,diterima
ketuker,ke tukar
kewong,kawin
kga,tidak
kgak,tidak
kgk,tidak
kgn,kangen
khan,kan
kk,kakak
kl,kalau
klau,kalau
klean,kalian
klen,kalian
klian,kalian
klmpok,kelompok
kln,kalian
klo,kalau
klopun,kalau pun
kls,kelas
klu,kalau
kluar,keluar
klw,kalau
km,kamu
kmarin,kemarin
kmna,kemana
kmpret,kampret
kmren,kemarin
kmrin,kemarin
kmrn,kemarin
kmu,kamu
knl,kenal
knp,kenapa
knpa,kenapa
ko,kok
koalisipun,koalisi pun
konconya,konco nya
konsekwensi,konsekuensi
koplaknya,lucu nya
koq,kok
kore,korea
kosyong,kosong
kpd,kepada
kpn,kapan
kppn,kapan
kreasitiadahenti,kreasi tiada henti
krg,kurang
krj,kerja
krja,kerja
krn,karena
krna,karena
krts,kertas
krungu,dengar
ksel,kesal
ksian,kasihan
ktm,ketemu
ktmu,ketemu
ktrusan,keterusan
ku,saya
kucintai,aku cintai
kudu,semestinya
kujawab,aku jawab
kukena,aku kena
kulyah,kuliah
kupaksa,aku paksa
kurg,kurang
kusendri,aku sendiri
kuy,yuk
kwan,kawan
kwkwkw,wkwk
kwkwkwkkw,wkwk
kwkwkwkw,wkwk
kwkwkwkwk,wkwk
kwkwkwkwkw,wkwk
kwkwkwkww,wkwk
kwwkwkwkwkwkwkkw,wkwk
kwwkwkwkwkwkwkwkkw,wkwk
ky,seperti
kygt,seperti gitu
kyk,seperti
kzl,kesal
ladenin,meladeni
laff,cinta
lagiiihhh,lagi
lagipula,lagi pula
lahh,lah
lahirkan,melahirkan
lamalama,lama lama
laper,lapar
lasti,pasti
lawan,musuh
lbh,lebih
lekong,banci
lepeh,muntah
leyeh,berbaring
lg,lagi
lgi,lagi
lgsg,langsung
lha,lah
lhahhh,lah
lho,loh
lhooo,loh
liat,lihat
lipattttttttttttttttttttttttt,lipat
lipet,lipat
lma,lama
lncr,lancar
lngsng,langsung
lo,kamu
loe,lo
lohh,loh
lol,wkwk
looh,loh
loooo,loh
love,cinta
low,kalau
lptop,laptop
lsg,langsung
lu,kamu
luh,kamu
luu,kamu
luv,cinta
luvsss,love
lw,kalau
lwat,lewat
lyfe,kehidupan
ma,sama
maafefekstress,maaf efek stress
maap,maaf
mabok,mabuk
macem,macam
maen,main
mager,malas gerak
mahu,mau
majlis,majelis
makasi,terima kasih
make,pakai
maksd,maksud
maksi,terima kasih
malah,bahkan
malem,malam
malemnya,malam nya
males,malas
mals,malas
mam,makan
mamah,mama
mamak,ibu
mamake,ibu saya
manaaaaaaa,mana
mangat,semangat
manjaahh,manja
mantai,ke pantai
mantapp,mantap
manusai,manusia
manusyaaa,manusia
mao,mau
marahnya,marah nya
masaaaaaa,masa
masakecilkuasik,masa kecil aku asik
masalahku,masalah aku
masalalu,masa lalu
mase,mas
masi,masih
masihtentangjuni,masih tentang juni
matalah,mata lah
matap,mantap
maunya,mau nya
maw,mau
mayan,lumayan
mba,mbak
mbaq,mbak
mbokya,harus nya
mboten,tidak
mbungkam,menutup mulut
mdpt,mendapat
mdptkan,mendapatkan
me,aku
medsos,sosial media
meh,mau
mekkel,tertawa
mele,mulu
meleeekk,melek
memank,memang
membenco,membenci
memencet,menekan
mencapei,mencapai
mendem,mendam
mendingan,lebih baik
menel,genit
menjudge,menghakimi
mentang2,hanya karena 
mentrri,mentri
menurutguesih,menurut gue sih
menurutkusih,menurut aku sih
menye,manja
mereke,mereka
merhatiin,memperhatikan
meyakinkan,menyakinkan
mga,semoga
mgkn,mungkin
mgomel,mengomel
mhn,mohon
minder,kurang percaya diri
mingkem,diam
minjem,minjam
misqueen,miskin
mjlnkn,menjalankan
mka a,makanya
mkn,makan
mlakukn,melakukan
mlam,malam
mlangkah,melangkah
mlipir,melipir
mlkukan,melakukan
mmbalas,membalas
mmg,memang
mmmmmoh,tidak
mmng,memang
mn,mana
mndg,mending
mnerus,menerus
mngatakn,mengatakan
mngcap,memberi cap
mnlpon,menelpon
mnritas,minoritas
mnta,minta
mnum,minum
mnyambut,menyambut
mo,mau
moal,tidak
moga,semoga
mohonantri,mohon antri
mommy,mama
money,uang
monggo,silahkan
mpe,sampai
mrasa,merasa
mreka,mereka
mrk,mereka
mrtabak,martabak
msh,masih
msk,masuk
mski,meski
mudahn,mudahan
mukalo,muka mu
mules,mulas
mulu,selalu
mumet,pusing
muncul,keluar
musti,mesti
muter,mutar
mw,mau
mwu,mau
n,dan
naaaah,nah
naaahhhh,nah
naek,naik
naha,kenapa
nampak,terlihat
nanggepin,menanggapi
nanjir,anjir
nanjirr,anjir
nanya,bertanya
nanya ,tanya
napa,kenapa
ncebong,cebong
ncebong2,cebong
nda,tidak
ndak,tidak
ndakk,tidak
ndax,tidak
ndengan,dengan
ndengar,dengar
ndgn,dengan
ndiri,sendiri
ndk,tidak
neealahh,yaelah
negatifthinking,berpikir buruk
neklwkwowkwkwkk,wkwk
nelpn,menelpon
nengok,melihat
nerimo,nerima
nga,tidak
ngabarin,kabarin 
ngaca,berkaca
ngadoh,menjauh
ngak,tidak
ngakak,haha
ngakakakakaka,wkwk
ngakuin,mengaku
ngambek,marah 
ngambil,ambil
ngangep,dianggap
nganter,mengantar
nganterin,mengantarkan
ngantor,kantor
ngaruh,pengaruh
ngasih,memberi
ngatain,memaki
ngebahagiain,bahagia
ngebahas,membahas
ngebash,bully
ngebuktiin,membuktikan
ngechat,menchat
ngedeteksi,medeteksi
ngeharep,harap
ngehilangin,hilang
ngehindarin,menghindari
ngejaga,jaga
ngejalanin,menjalani
ngejar,kejar
ngejatuhin,menjatuhkan
ngejelasin,menjelaskan
ngejer,mengejar
ngejual,menjual
ngeladeni,meladeni
ngeladenin,meladeni
ngelahirin,melahirkan
ngelawaq,bercanda
ngelepas,melepas
ngeliat,melihat
ngeliatnya,melihatnya
ngelindes,melindasi
ngeluh,mengeluh
ngembaliin,mengembalikan
ngemis,mengemis
ngepas,cukup
ngeper,takut
ngerasa,merasa
ngeri,takut
ngeriiiih,takut
ngerjain,mengerjakan
ngerti,mengerti
ngerusak,merusak
ngetssss,banget
ngfolow,memfollow
ngg,tidak
ngga,tidak
nggada,tidak ada
nggak,tidak
nggakk,tidak
ngggk,tidak
nggk,tidak 
nghina,menghina
ngilaa,gila
ngilang,menghilang
ngilee,gila
ngiliran,giliran
ngingetin,mengingatkan
ngintipin,melihat
ngisi,mengisi
ngk,tidak
ngkgkgk,wkwk
ngladeni,meladeni
ngliat,melihat
ngmg,bicara
ngobrol,berbincang
ngono,begitu
ngpain,ngapain
ngpp,tidak apa apa
ngrasain,merasa
ngrengek,meminta sesuatu dengan mendesak sambil menangis
ngubah,mengubah
ngulang,mengulang
ngurusin,mengurus
ngutang,berhutang
nheh,weh
ni,ini
nich,ini
nihhh,nih
njay,anjir
njayyy,anjir
njerr,anjir
njiirr,anjir
njiirr,anjir
njing,anjing
njir,anjir
njirr,anjir
njirrr,anjir
njrittt,anjir
nkikikikiki,wkwk
nlpon,menelpon
nmanya,namanya
nnga,tidak
nnt,nanti
nnti,nanti
nntn,menonton
nnton,menonton
no,tidak
nolak,menolak
nonjok,tinju
nontonya,nonton nya
noopst,tidak
nop,tidak
nope,tidak
nothing,tidak
now,sekarang
ntan,mantan
ntar,nanti
ntdk,tidak
nti,nanti
ntidak,tidak
ntn,nonton
ntr,nanti
ntu,itu
ntydack,tidak
nwaktu,waktu
nwaktulah,waktulah
nwalau,walau
nwallahu,wallahu
nwkwk,wkwk
nwkwkwk,wkwk
nwkwkwkwk,wkwk
nwoojinprk,woojin park
ny,nya
nyaamp00n,ya ampun
nyakitin,menyakiti 
nyama ,sama
nyamber,menyambar
nyampe,sampai
nyampein,menyampaikan
nyampur,campur
nyang,yang
nyantol,nyangkut
nyari,cari
nyasudah,ya sudah
nyatain,mengatakan
nye,nya
nyebayangin,membayangkan 
nyebeli,menyebalkan 
nyebelin,menyebalkan 
nyeletuk,menyela
nyembunyiin,menyembunyikan
nyenengin,menyenangkan
nyengir,senyum
nyeremin,menyeramkan 
nyeri,sakit
nyeritain,menceritakan
nyesek,sesak 
nyesel,menyesal 
nyet,monyet
nyetarain,menyetarakan
nyg,yang
nyilet,menyakiti
nyimpeninnya,menyimpan
nyinyirin,nyinyir
nyobain,mencoba
nyokap,ibu
nyolot,menyolot
nyou,you
nyuruh,menyuruh
oalaaaa,walah
oalah,walah
oalahh,walah
oeang,orang
ogah,tidak mau
ogahhan,tidak mau
ohh,oh
oldmoneygakngerasain,old money gak ngerasain
olh,oleh
omg,oh my god
onoh,itu
oon,bodoh
or,atau
ora,tidak
orang2,orang orang
oranglain,orang lain
org,orang
orglain,orang lain
orgnya,orang nya
ornah,pernah
ortu,orang tua
ortunya,orang tua dia
ott,operasi tangkap tangan
owalaah,walah
owalah,walah
oyeeee,oke
paakkk,pak
pakboss,pak boss
pake,pakai
pala,kepala
palagi,apalagi
palanya,kepala nya
pantangmunsur,pantang mundur
pantes,pantas
panutanqu,panutan ku
pasr,pasar
pcar,pacar
pd,pada
pda,pada
pdhal,padahal
pdhl,padahal
pdnya,padanya
pecun,pecundang
pedes,pedas
pemirsyahhhh,permisa
pen,ingin
pendem,pendam
penerusbangsa,penerus bangsa
pengem,ingin
pengen,ingin
penggantinyakah,pengganti nya kah
pengin,ingin
pengngangguran,pengganguran
pengsan,pingsan
penugasan,tugas
penyembul,penyembuh
pernh,pernah
persijaselamanya,persija selamanya
pertam,pertama
pesen,pesan
pgen,ingin
pgi,pagi
pgn,ingin
piee,bagaimana
pingin,ingin
pinginnya,ingin nya
pinjem,pinjam
pinter,pintar
pisan,sangat
piye,bagaimana
pjbt,pejabat
pkir,pikir
playlistnua,playlist nya
pleaselah,tolong lah
plg,pulang
pmbhasan,pembahasan
pngen,ingin
pngn,ingin
pny,punya
pokonya,pokok nya
polahmu,tingkah mu
posttingan,postingan
powerrmarah,power marah
ppdb,penerimaan peserta didik baru
prbuatan,perbuatan
prgi,pergi
prjalanan,perjalanan
prjuangannya,perjuangan nya
problem,masalah
psen,pesan
pst,pasti
psti,pasti
puan,perempuan
puasaa,puasa
pukpukk,kasihan
pukullah,pukul lah
puny,punya
punye,punya
pusingku,pusing aku
puter,putar
puyeng,pusing
pwease,please
q,saya
qeras,keras
qkwjw,wkwk
qkwk,wkwk
qm,kamu
qu,aku
quat,kuat
quattttt,kuat
quda,kuda
quuu,aku
raisin,tidak malu
raiso,tidak bisa
rame,ramai
rang,orang
rangorang,orang orang
rapopo,tidak apa apa
rasakne,rasanya
rasanya,rasa nya
rasax,rasa nya
rausahmundurrausahwedi,tidak perlu mundur tidak perlu takut
rauwisuwis,tidak selesai selesai
recehkantwitter,receh kan twitter
regist,daftar
rencna,rencana
ribet,kalut
rikues,meminta
rmah,rumah
rmh,rumah
rodo,agak
rspn,respon
rspnnya,responnya
rusaklah,rusak lah
sabar2,sabar sabar
sahurrrr,sahur
saikho,gila
saingannya,saingan nya
sakid,sakit
salty ,nyinyir
salut,bangga
samaa,sama
samanye,namanya
samasekali,sama sekali
samp,sampai
sampe,sampai
sampe2,sampai
samsek,sama sekali
sangking,saking
santunnya,santun nya
sapa,siapa
savenkri,save nkri
saveviavallen,save via valen
sayanganak,sayang anak
sayanggg,sayang
sayanggggg,sayang
sayangkuh,sayang ku
sayangnya,sayang nya 
sayapun,saya pun
sbab,sebab
sbagai,sebagai
sbagainya,sebagainya
sbb,sebab
sbbnya,sebabnya
sbg,sebagai
sbgai,sebagai
sblm,sebelum
sblmnya,sebelum nya
sbnre,sebenarnya
sbuah,sebuha
scr,secara
screentimenya,waktu menontonnya
sdah,sudah
sdg,sedang
sdh,sudah
sdhkah,sudah kah
sdr,saudara
sdrhana,sederhana
sebel,sebal
sebelll,kesal
sebelom,sebelum
sebelumnnya,sebelum nya
sebenernya,sebenarnya
sedeket,sangat dekat
sedihrasanya,sedih rasanya
sediiiihhhh,sedih
sedng,sedang
sedooooottt,sedot
segede,sebesar
seger,segar
sekaliiii,sekali
selamaad,selamat
selepet,pukul
selo,santai
selogan,slogan
semangaaatttzzzsss,semangat
semangatin,semangat
semangatt,semangat
semangattt,semangat
sempet,sempat
semriwing,adem
senak,seenaknya
sendri,sendiri
seneng,senang
senengnya,senang
sensara,sengsara
sensei,guru
sepe,sepi
sepnjang,sepanjang
serem,seram
seribuh,seribu
seriuscumatulisan,serius cuma tulisan
serumah,satu rumah
sesering,sering
sesimple,se mudah
setakut,menakutkan
setau,sepengetahuan
setujuuuu,setuju
sexual harassment,kejahatan seksual
sexualharassment,kejahatan seksual
sgl,segala
sgt,sangat
siaaaan,kasihan
sianjiirrr,si anjir
sii,si
siiihh,sih
sik,sih
sinii,sini
sj,saja
skaligus,sekaligus
skarang,sekarang
skg,sekarang
skli,sekali
skr,sekarang
skrg,sekarang
skrng,sekarang
skt,sakit
slalu,selalu
slama,selama
slmat,selamat
sm,sama
sman,sekolah menengah atas negeri 
smbl,sambil
smg,semoga
smh,ya ampun
smkin,semakin
smoga,semoga
smp,sampai
smpe,sampai
smsm,sama sama
smua,semua
sn,sana
sna,sana
sndirian,sendirian
sndri,sendiri
sndrian,sendiri
sngt,sangat
soale,soalnya
soalx,soalnya
sobat,teman
sodara,saudara
sok2,pamer
solusinya,solusi nya
sontoloyo,bodoh
sopir,supir
sorang,sendiri
sorga,surga
speciall,spesial
spt,seperti
spy,supaya
ssuai,sesuai
standaar,standar
stelah,setelah
stiap,setiap
stlh,setelah
strong,kuat
suamine,suami nya
suaminy,suami nya
suddenly,tiba tiba
sukaaa,suka
sukseskanasiangames,sukses kan asian games
sukung,dukung
sumpahya,sumpah ya
sumpeh,sumpah
supeerrr,super
surabayamacet,surabaya macet
surgaaaaa,surga
sy,saya
syanggih,canggih
syantik,cantik
syap,siap
syetan,setan
syg,sayang
syng,sayang
system,sistem
syudih,sudi
syukut,syukur
syurga,surga
tadii,tadi
tae,tai
tagarmu,tagar kamu
taik,tai
taipan,konglomerat
tak,tidak
takkan,tidak akan
takkusangka,tak aku sangka
takutnya,takut nya
tanabang,tanah abang
tangkep,tangkap
tanoshimidesuuu,senang banget
taon,tahun
tapigakdalamdalambanget,tapi gak dalam dalam banget
tapiii,tapi
tar,nanti
tasdi,tadi
tau,tahu
taubat,tobat
taukan,tahu kan 
taun,tahun
tbtb,tiba
td,tadi
tdak,tidak
tdj,tidak
tdk,tidak
tdr,tidur
teejun,terjun
telp,telepon
temanbukanpacarbukan,teman bukan pacar bukan
temen,teman
temenan,temanan
temenin,temani
temenku,teman saya
temennya,teman nya
tengok,lihat
terbege,terbodoh
terbengong,terheran
tereak,teriak
terhadp,terhadap
terharuu,terharu
terimah,terima
terkaga,tidak banget
termsk,termasuk
teroos,terus
terooss,terus
teros,terus
tertunya,tentu nya
terussd,terus
tetang,tentang
tetep,tetap
tgg,tanggung
tgh,tengah
tgjawab,tanggung jawab
tgl,tanggal
th,tahun
thdp,terhadap
thn,tahun
tho,toh
thx,terima kasih
tida,tidak
tidakkkk,tidak
tidor,tidur
tims,tim
tkt,takut
tkut,takut
tlong,tolong
tlp,telpon
tmbah,tambah
tmbh,tambah
tmn,teman
tmp,tempat
tn,tanah
tntng,tentang
toll,tol
tolloll,tolol
tololnya,tolol nya
topoc,topik
tp,tapi
tpi,tapi
trbaik,terbaik
trbatas,terbatas
trima,terima
trimakasih,terima kasih
trm,terima
trmasuk,termasuk
trnyata,ternyata
trs,terus
trus,terus
tsb,tersebut
tt,payudara
ttep,tetap
ttg,tentang
ttp,tetap
tuhaaannnn,tuhan
tuhh,tuh
tuk,untuk
tukeran,tukaran
tulisandarilubukhati,tulisan dari lubuk hati
tuntassss,tuntas
tweetnya,tweet nya
twitt malam,tweet malam
twittrindu,tweet rindu
twt,tweet
tyda,tidak
tydack,tidak
tydak,tidak
type,tipe
tytyd,titit
uda,sudah
udah,sudah
udahan,sudah
udahh,sudah
udeh,sudah
udh,sudah
uga,juga
uih,weh
ujia,ujian
ujug2,ujung ujung
umpetin,sembunyi
unt,untuk
untukmu,untuk mu
untukumu,untuk mu
untungnyaaa,untung nya
ush,usah
usilin,usil
utang,hutang
utk,untuk
uwahhhhh,weh
w,aku
waaaaa,wah
waaaah,wah
waaaaw,wow
waaaww,wow
waaawwww,wow
waakaakaak,wkwk
waaw,wow
waduuuh,aduh
wagelaseh,wah gila sih
wagu,kaku
wagub,wakil gubernur
wagubku,wakil gubernurku
wagubnya,wakil gubernurnya
wahhh,wah
waji,wajik
wakaka,wkwk
wakakak,wkwk
wakakaka,wkwk
wakakakak,wkwk
wakakakaka,wkwk
wakakakakakak,wkwk
wakakkakkak,wkwk
wakaq,wkwk
waketum,wakil ketua umum
waktuny,waktunya
waktunyaaa,waktunya
wakwaww,wkwk
walaipun,walaupun
walaupon,walaupun
walikota,wali kota
walikotanya,wali kotanya
walisongo,wali songo
walkot,wali kota
walopun,walaupun
walupun,walaupun
wamil,wajib militer
wanita2,wanita wanita
wanitah,wanita
wanjerrr,anjir
wanjiir,anjir
waow,wow
wapres,wakil presiden
wapresnya,wakil presidennya
wapresnye,wakil presidennya
waqiâ,waqiah
waw,wow
waww,wow
wawwwww,wow
wayahe,waktunya
weddingparty,wedding party
weddingtradisional,wedding tradisional
weeeh,weh
wehh,wah
wek,wkwk
wekawekaweka,wkwk
wekekkeke,wkwk
wew,wow
wewww,wow
wheeewww,wow
wheeewww ,wow
when you got time please reply mine,kalau kamu sempat tolong balas pesan ku
wib,waktu indonesia bagian barat
widih,wow
widihh,weh
wihh,weh
wihhh,weh
wihhhhhh,weh
wiih,weh
wiiiihhhh,weh
wish,harapan
with,dengan
wjdjiqksks,wkwk
wk,wkwk
wkaakakak,wkwk
wkakak,wkwk
wkakakakaka,wkwk
wkakwk,wkwk
wkejwkkw,wkwk
wkk,wkwk
wkkw,wkwk
wkkwkk,wkwk
wkkwkw,wkwk
wkkwkwkw,wkwk
wkkwkwkwkw,wkwk
wkkww,wkwk
wklnya,wakil nya
wks,wkwk
wksk,wkwk
wkt,waktu
wkt',waktu
wktu,waktu
wktunya,waktunya
wkw,wkwk
wkwkk,wkwk
wkwkkw,wkwk
wkwkkwk,wkwk
wkwkkwkw,wkwk
wkwkkwkwk,wkwk
wkwkkwkwkw,wkwk
wkwkkwkwkwkwkq,wkwk
wkwks,wkwk
wkwkw,wkwk
wkwkwjjwjw,wkwk
wkwkwk,wkwk
wkwkwkakak,wkwk
wkwkwkk,wkwk
wkwkwkkw,wkwk
wkwkwkkwkw,wkwk
wkwkwkkwkwkwwk,wkwk
wkwkwkw,wkwk
wkwkwkwk,wkwk
wkwkwkwkk,wkwk
wkwkwkwkkw,wkwk
wkwkwkwkw,wkwk
wkwkwkwkwk,wkwk
wkwkwkwkwkk,wkwk
wkwkwkwkwkkw,wkwk
wkwkwkwkwkkwkwkw,wkwk
wkwkwkwkwkw,wkwk
wkwkwkwkwkwkk,wkwk
wkwkwkwkwkwkwk,wkwk
wkwkwkwkwkwkwkwk,wkwk
wkwkwkwkwkwkwkwkkwkwkwkwkwkwkwkkw,wkwk
wkwkwkwkwkwkwkwkwkwkwk,wkwk
wkwkwkwkwwkwkwkwkwkwkwk,wkwk
wkwkwkwwk,wkwk
wkwkwkwwkkwkwkwkwk,wkwk
wkwkwkwwkwk,wkwk
wkwkwlw,wkwk
wkwkwwk,wkwk
wkwwk,wkwk
wl,walau
wlau,walau
wlaupun,walaupun
wlawpun,walaupun
wlopun,walaupun
wlpn,walaupun
wlpun,walaupun
wlwpn,walaupun
wlwpun,walaupun
wn,warga negara
wna,warga negara asing
wni,warga negara indonesia
woah,wah
woee,woi
wonderfulindonesia,woderful indonesia
wooow,wow
wooowww,wow
woow,wow
worldcup2018,world cup 2018
wota2,wota wota
wouww,wow
wowo,cowok
woww,wow
wowww,wow
wowwww,wow
woyy,woi
wqwq,wkwk
wqwqwq,wkwk
wqwqwqwq,wkwk
wuah,wow
wuakkakaa,wkwk
wuih,wah
wusstt,wow
wwkkw,wkwk
wwkwkwkw,wkwk
wwnang,wewenang
wwsn,wkwk
y,ya
yaa,iya
yaaa,ya
yaaaa,ya
yaaaaa,iya
yaaaaaa,ya
yaaah,ya
yaaang,yang
yaaelaa,yaelah
yaah,ya
yaahh,ya
yaahhh,ya
yaak,ya
yaakk,ya
yaakkk,ya
yaallah,ya allah
yaallahh,ya allah
yaamfun,ya ampun
yaampun,ya ampun
yaampuuuunnnn,ya ampun
yaampuuuuuunnn,ya ampun
yaang,yang
yab,ya
yabg,yang
yach,ya
yachhh,ya
yað,ya
yaelahh,alah
yagimanasih,ya bagaimana sih
yagitu,ya begitu
yah,ya
yahbh,ya
yahh,ya
yahhh,yah
yai,ya iyalah
yaila,ya iyalah
yailaah,ya iyalah
yailah,ya iyalah
yaiyalah,ya iyalah
yak,ya
yakali,ya kali
yakiin,yakin
yakiinn,yakin
yakini,yaitu
yakinn,yakin
yakk,ya
yalord,ya tuhan
yampun,ya ampun
yanag,yang
yanga,ya tidak
yangg,yang
yangvm,yang
yant,yang
yaola,ya tidak
yaolo,ya allah
yaoloh,ya allah
yaolohh,ya allah
yaopo,ya apa
yaow,ya
yapp,ya
yaqin,yakin
yas,ya
yasalam,ya allah
yassalam,ya allah
yauda,ya sudah
yaudah,ya sudah
yaudahlah,ya sudahlah
yaudh,ya sudah
yawdah,ya sudah
yawlaaaa,ya allah
yawlah,ya allah
yawloh,ya allah
ybs,yang bersangkutan
ye,ya
yeah,ya
yep,ya
yg,yang
ygdisebarkan,yang di sebarkan
yguda,yang sudah
yh,ya
yha,yah
yhaaa,ya
ykwim,you know what i mean
yng,yang
yogya,yogyakarta
yooow,ya
you,kamu
yowis,ya sudah
yra,ya rabbal alamin
ysh,ya
yth,yang terhormat
yu,kamu
yucub,youtube
yudhlh,ya sudahlah
yuhuuu,yuhu
yuppss,ya
yutub,youtube
yutuber,youtuber
yutup,youtube
yuukkk,yuk
yuups,ya
ywdh,ya sudah
zmn,zaman
zonk,kosong
